<annotation>
	<folder>google homemini</folder>
	<filename>000000135.PNG</filename>
	<path>C:\Users\dell\Pictures\google homemini\000000135.PNG</path>
	<source>
		<database>Unknown</database>
	</source>
	<size>
		<width>1089</width>
		<height>617</height>
		<depth>3</depth>
	</size>
	<segmented>0</segmented>
	<object>
		<name>google homemini</name>
		<pose>Unspecified</pose>
		<truncated>0</truncated>
		<difficult>0</difficult>
		<bndbox>
			<xmin>334</xmin>
			<ymin>111</ymin>
			<xmax>753</xmax>
			<ymax>527</ymax>
		</bndbox>
	</object>
</annotation>
