<annotation>
	<folder>google homemini</folder>
	<filename>000000123.PNG</filename>
	<path>C:\Users\dell\Pictures\google homemini\000000123.PNG</path>
	<source>
		<database>Unknown</database>
	</source>
	<size>
		<width>827</width>
		<height>617</height>
		<depth>3</depth>
	</size>
	<segmented>0</segmented>
	<object>
		<name>google homemini</name>
		<pose>Unspecified</pose>
		<truncated>0</truncated>
		<difficult>0</difficult>
		<bndbox>
			<xmin>153</xmin>
			<ymin>346</ymin>
			<xmax>371</xmax>
			<ymax>561</ymax>
		</bndbox>
	</object>
</annotation>
