<annotation>
	<folder>google homemini</folder>
	<filename>000000138.PNG</filename>
	<path>C:\Users\dell\Pictures\google homemini\000000138.PNG</path>
	<source>
		<database>Unknown</database>
	</source>
	<size>
		<width>1099</width>
		<height>619</height>
		<depth>3</depth>
	</size>
	<segmented>0</segmented>
	<object>
		<name>google homemini</name>
		<pose>Unspecified</pose>
		<truncated>0</truncated>
		<difficult>0</difficult>
		<bndbox>
			<xmin>309</xmin>
			<ymin>218</ymin>
			<xmax>626</xmax>
			<ymax>439</ymax>
		</bndbox>
	</object>
	<object>
		<name>google homemini</name>
		<pose>Unspecified</pose>
		<truncated>0</truncated>
		<difficult>0</difficult>
		<bndbox>
			<xmin>568</xmin>
			<ymin>86</ymin>
			<xmax>836</xmax>
			<ymax>264</ymax>
		</bndbox>
	</object>
	<object>
		<name>google homemini</name>
		<pose>Unspecified</pose>
		<truncated>0</truncated>
		<difficult>0</difficult>
		<bndbox>
			<xmin>5</xmin>
			<ymin>392</ymin>
			<xmax>369</xmax>
			<ymax>618</ymax>
		</bndbox>
	</object>
</annotation>
