<annotation>
	<folder>google homemini</folder>
	<filename>000000136.PNG</filename>
	<path>C:\Users\dell\Pictures\google homemini\000000136.PNG</path>
	<source>
		<database>Unknown</database>
	</source>
	<size>
		<width>738</width>
		<height>606</height>
		<depth>3</depth>
	</size>
	<segmented>0</segmented>
	<object>
		<name>google homemini</name>
		<pose>Unspecified</pose>
		<truncated>0</truncated>
		<difficult>0</difficult>
		<bndbox>
			<xmin>371</xmin>
			<ymin>31</ymin>
			<xmax>648</xmax>
			<ymax>236</ymax>
		</bndbox>
	</object>
</annotation>
