<annotation>
	<folder>google homemini</folder>
	<filename>000000140.PNG</filename>
	<path>C:\Users\dell\Pictures\google homemini\000000140.PNG</path>
	<source>
		<database>Unknown</database>
	</source>
	<size>
		<width>1790</width>
		<height>845</height>
		<depth>3</depth>
	</size>
	<segmented>0</segmented>
	<object>
		<name>google homemini</name>
		<pose>Unspecified</pose>
		<truncated>0</truncated>
		<difficult>0</difficult>
		<bndbox>
			<xmin>292</xmin>
			<ymin>440</ymin>
			<xmax>708</xmax>
			<ymax>713</ymax>
		</bndbox>
	</object>
	<object>
		<name>google homemini</name>
		<pose>Unspecified</pose>
		<truncated>0</truncated>
		<difficult>0</difficult>
		<bndbox>
			<xmin>694</xmin>
			<ymin>162</ymin>
			<xmax>1084</xmax>
			<ymax>400</ymax>
		</bndbox>
	</object>
	<object>
		<name>google homemini</name>
		<pose>Unspecified</pose>
		<truncated>0</truncated>
		<difficult>0</difficult>
		<bndbox>
			<xmin>1116</xmin>
			<ymin>223</ymin>
			<xmax>1545</xmax>
			<ymax>489</ymax>
		</bndbox>
	</object>
</annotation>
