<annotation>
	<folder>google homemini</folder>
	<filename>000000125.PNG</filename>
	<path>C:\Users\dell\Pictures\google homemini\000000125.PNG</path>
	<source>
		<database>Unknown</database>
	</source>
	<size>
		<width>869</width>
		<height>486</height>
		<depth>3</depth>
	</size>
	<segmented>0</segmented>
	<object>
		<name>google homemini</name>
		<pose>Unspecified</pose>
		<truncated>0</truncated>
		<difficult>0</difficult>
		<bndbox>
			<xmin>164</xmin>
			<ymin>70</ymin>
			<xmax>637</xmax>
			<ymax>433</ymax>
		</bndbox>
	</object>
</annotation>
