<annotation>
	<folder>google homemini</folder>
	<filename>000000133.PNG</filename>
	<path>C:\Users\dell\Pictures\google homemini\000000133.PNG</path>
	<source>
		<database>Unknown</database>
	</source>
	<size>
		<width>1486</width>
		<height>726</height>
		<depth>3</depth>
	</size>
	<segmented>0</segmented>
	<object>
		<name>google homemini</name>
		<pose>Unspecified</pose>
		<truncated>0</truncated>
		<difficult>0</difficult>
		<bndbox>
			<xmin>489</xmin>
			<ymin>324</ymin>
			<xmax>999</xmax>
			<ymax>661</ymax>
		</bndbox>
	</object>
</annotation>
