<annotation>
	<folder>google homemini</folder>
	<filename>000000134.PNG</filename>
	<path>C:\Users\dell\Pictures\google homemini\000000134.PNG</path>
	<source>
		<database>Unknown</database>
	</source>
	<size>
		<width>1598</width>
		<height>907</height>
		<depth>3</depth>
	</size>
	<segmented>0</segmented>
	<object>
		<name>google homemini</name>
		<pose>Unspecified</pose>
		<truncated>0</truncated>
		<difficult>0</difficult>
		<bndbox>
			<xmin>175</xmin>
			<ymin>432</ymin>
			<xmax>305</xmax>
			<ymax>523</ymax>
		</bndbox>
	</object>
	<object>
		<name>google homemini</name>
		<pose>Unspecified</pose>
		<truncated>0</truncated>
		<difficult>0</difficult>
		<bndbox>
			<xmin>301</xmin>
			<ymin>721</ymin>
			<xmax>435</xmax>
			<ymax>815</ymax>
		</bndbox>
	</object>
	<object>
		<name>google homemini</name>
		<pose>Unspecified</pose>
		<truncated>0</truncated>
		<difficult>0</difficult>
		<bndbox>
			<xmin>1068</xmin>
			<ymin>543</ymin>
			<xmax>1203</xmax>
			<ymax>636</ymax>
		</bndbox>
	</object>
	<object>
		<name>google homemini</name>
		<pose>Unspecified</pose>
		<truncated>0</truncated>
		<difficult>0</difficult>
		<bndbox>
			<xmin>1128</xmin>
			<ymin>303</ymin>
			<xmax>1244</xmax>
			<ymax>390</ymax>
		</bndbox>
	</object>
</annotation>
