<annotation>
	<folder>google homemini</folder>
	<filename>000000131.PNG</filename>
	<path>C:\Users\dell\Pictures\google homemini\000000131.PNG</path>
	<source>
		<database>Unknown</database>
	</source>
	<size>
		<width>1028</width>
		<height>584</height>
		<depth>3</depth>
	</size>
	<segmented>0</segmented>
	<object>
		<name>google homemini</name>
		<pose>Unspecified</pose>
		<truncated>0</truncated>
		<difficult>0</difficult>
		<bndbox>
			<xmin>263</xmin>
			<ymin>103</ymin>
			<xmax>731</xmax>
			<ymax>533</ymax>
		</bndbox>
	</object>
</annotation>
