<annotation>
	<folder>google homemini</folder>
	<filename>000000137.PNG</filename>
	<path>C:\Users\dell\Pictures\google homemini\000000137.PNG</path>
	<source>
		<database>Unknown</database>
	</source>
	<size>
		<width>1191</width>
		<height>611</height>
		<depth>3</depth>
	</size>
	<segmented>0</segmented>
	<object>
		<name>google homemini</name>
		<pose>Unspecified</pose>
		<truncated>0</truncated>
		<difficult>0</difficult>
		<bndbox>
			<xmin>81</xmin>
			<ymin>100</ymin>
			<xmax>571</xmax>
			<ymax>392</ymax>
		</bndbox>
	</object>
</annotation>
