<annotation>
	<folder>google homemini</folder>
	<filename>000000122.PNG</filename>
	<path>C:\Users\dell\Pictures\google homemini\000000122.PNG</path>
	<source>
		<database>Unknown</database>
	</source>
	<size>
		<width>1103</width>
		<height>622</height>
		<depth>3</depth>
	</size>
	<segmented>0</segmented>
	<object>
		<name>google homemini</name>
		<pose>Unspecified</pose>
		<truncated>0</truncated>
		<difficult>0</difficult>
		<bndbox>
			<xmin>206</xmin>
			<ymin>157</ymin>
			<xmax>571</xmax>
			<ymax>471</ymax>
		</bndbox>
	</object>
</annotation>
