<annotation>
	<folder>google homemini</folder>
	<filename>000000139.PNG</filename>
	<path>C:\Users\dell\Pictures\google homemini\000000139.PNG</path>
	<source>
		<database>Unknown</database>
	</source>
	<size>
		<width>1242</width>
		<height>944</height>
		<depth>3</depth>
	</size>
	<segmented>0</segmented>
	<object>
		<name>google homemini</name>
		<pose>Unspecified</pose>
		<truncated>0</truncated>
		<difficult>0</difficult>
		<bndbox>
			<xmin>276</xmin>
			<ymin>130</ymin>
			<xmax>1008</xmax>
			<ymax>844</ymax>
		</bndbox>
	</object>
</annotation>
