<annotation>
	<folder>google homemini</folder>
	<filename>000000126.PNG</filename>
	<path>C:\Users\dell\Pictures\google homemini\000000126.PNG</path>
	<source>
		<database>Unknown</database>
	</source>
	<size>
		<width>947</width>
		<height>528</height>
		<depth>3</depth>
	</size>
	<segmented>0</segmented>
	<object>
		<name>google homemini</name>
		<pose>Unspecified</pose>
		<truncated>0</truncated>
		<difficult>0</difficult>
		<bndbox>
			<xmin>236</xmin>
			<ymin>178</ymin>
			<xmax>728</xmax>
			<ymax>448</ymax>
		</bndbox>
	</object>
</annotation>
