<annotation>
	<folder>google homemini</folder>
	<filename>000000121.PNG</filename>
	<path>C:\Users\dell\Pictures\google homemini\000000121.PNG</path>
	<source>
		<database>Unknown</database>
	</source>
	<size>
		<width>1103</width>
		<height>623</height>
		<depth>3</depth>
	</size>
	<segmented>0</segmented>
	<object>
		<name>google homemini</name>
		<pose>Unspecified</pose>
		<truncated>0</truncated>
		<difficult>0</difficult>
		<bndbox>
			<xmin>307</xmin>
			<ymin>228</ymin>
			<xmax>519</xmax>
			<ymax>432</ymax>
		</bndbox>
	</object>
	<object>
		<name>google homemini</name>
		<pose>Unspecified</pose>
		<truncated>0</truncated>
		<difficult>0</difficult>
		<bndbox>
			<xmin>569</xmin>
			<ymin>224</ymin>
			<xmax>760</xmax>
			<ymax>416</ymax>
		</bndbox>
	</object>
	<object>
		<name>google homemini</name>
		<pose>Unspecified</pose>
		<truncated>0</truncated>
		<difficult>0</difficult>
		<bndbox>
			<xmin>45</xmin>
			<ymin>301</ymin>
			<xmax>214</xmax>
			<ymax>434</ymax>
		</bndbox>
	</object>
	<object>
		<name>google homemini</name>
		<pose>Unspecified</pose>
		<truncated>0</truncated>
		<difficult>0</difficult>
		<bndbox>
			<xmin>805</xmin>
			<ymin>208</ymin>
			<xmax>985</xmax>
			<ymax>378</ymax>
		</bndbox>
	</object>
</annotation>
