<annotation>
	<folder>google homemini</folder>
	<filename>000000132.PNG</filename>
	<path>C:\Users\dell\Pictures\google homemini\000000132.PNG</path>
	<source>
		<database>Unknown</database>
	</source>
	<size>
		<width>867</width>
		<height>617</height>
		<depth>3</depth>
	</size>
	<segmented>0</segmented>
	<object>
		<name>google homemini</name>
		<pose>Unspecified</pose>
		<truncated>0</truncated>
		<difficult>0</difficult>
		<bndbox>
			<xmin>534</xmin>
			<ymin>329</ymin>
			<xmax>733</xmax>
			<ymax>435</ymax>
		</bndbox>
	</object>
</annotation>
