<annotation>
	<folder>google homemini</folder>
	<filename>00000074.PNG</filename>
	<path>C:\Users\dell\Pictures\google homemini\00000074.PNG</path>
	<source>
		<database>Unknown</database>
	</source>
	<size>
		<width>721</width>
		<height>687</height>
		<depth>3</depth>
	</size>
	<segmented>0</segmented>
	<object>
		<name>google homemini</name>
		<pose>Unspecified</pose>
		<truncated>0</truncated>
		<difficult>0</difficult>
		<bndbox>
			<xmin>194</xmin>
			<ymin>49</ymin>
			<xmax>542</xmax>
			<ymax>400</ymax>
		</bndbox>
	</object>
</annotation>
