<annotation>
	<folder>google homemini</folder>
	<filename>00000054.PNG</filename>
	<path>C:\Users\dell\Pictures\google homemini\00000054.PNG</path>
	<source>
		<database>Unknown</database>
	</source>
	<size>
		<width>708</width>
		<height>655</height>
		<depth>3</depth>
	</size>
	<segmented>0</segmented>
	<object>
		<name>google homemini</name>
		<pose>Unspecified</pose>
		<truncated>0</truncated>
		<difficult>0</difficult>
		<bndbox>
			<xmin>381</xmin>
			<ymin>456</ymin>
			<xmax>541</xmax>
			<ymax>622</ymax>
		</bndbox>
	</object>
</annotation>
