<annotation>
	<folder>google homemini</folder>
	<filename>00000057.PNG</filename>
	<path>C:\Users\dell\Pictures\google homemini\00000057.PNG</path>
	<source>
		<database>Unknown</database>
	</source>
	<size>
		<width>689</width>
		<height>649</height>
		<depth>3</depth>
	</size>
	<segmented>0</segmented>
	<object>
		<name>google homemini</name>
		<pose>Unspecified</pose>
		<truncated>1</truncated>
		<difficult>0</difficult>
		<bndbox>
			<xmin>16</xmin>
			<ymin>95</ymin>
			<xmax>663</xmax>
			<ymax>649</ymax>
		</bndbox>
	</object>
</annotation>
