<annotation>
	<folder>google homemini</folder>
	<filename>00000030.jpg</filename>
	<path>C:\Users\dell\Pictures\google homemini\00000030.jpg</path>
	<source>
		<database>Unknown</database>
	</source>
	<size>
		<width>445</width>
		<height>612</height>
		<depth>3</depth>
	</size>
	<segmented>0</segmented>
	<object>
		<name>google homemini</name>
		<pose>Unspecified</pose>
		<truncated>0</truncated>
		<difficult>0</difficult>
		<bndbox>
			<xmin>114</xmin>
			<ymin>265</ymin>
			<xmax>344</xmax>
			<ymax>430</ymax>
		</bndbox>
	</object>
</annotation>
