<annotation>
	<folder>google homemini</folder>
	<filename>00000042.jpg</filename>
	<path>C:\Users\dell\Pictures\google homemini\00000042.jpg</path>
	<source>
		<database>Unknown</database>
	</source>
	<size>
		<width>246</width>
		<height>164</height>
		<depth>3</depth>
	</size>
	<segmented>0</segmented>
	<object>
		<name>google homemini</name>
		<pose>Unspecified</pose>
		<truncated>0</truncated>
		<difficult>0</difficult>
		<bndbox>
			<xmin>35</xmin>
			<ymin>32</ymin>
			<xmax>239</xmax>
			<ymax>126</ymax>
		</bndbox>
	</object>
</annotation>
