<annotation>
	<folder>google homemini</folder>
	<filename>00000071.PNG</filename>
	<path>C:\Users\dell\Pictures\google homemini\00000071.PNG</path>
	<source>
		<database>Unknown</database>
	</source>
	<size>
		<width>674</width>
		<height>581</height>
		<depth>3</depth>
	</size>
	<segmented>0</segmented>
	<object>
		<name>google homemini</name>
		<pose>Unspecified</pose>
		<truncated>0</truncated>
		<difficult>0</difficult>
		<bndbox>
			<xmin>218</xmin>
			<ymin>177</ymin>
			<xmax>521</xmax>
			<ymax>473</ymax>
		</bndbox>
	</object>
</annotation>
