<annotation>
	<folder>google homemini</folder>
	<filename>00000072.PNG</filename>
	<path>C:\Users\dell\Pictures\google homemini\00000072.PNG</path>
	<source>
		<database>Unknown</database>
	</source>
	<size>
		<width>691</width>
		<height>467</height>
		<depth>3</depth>
	</size>
	<segmented>0</segmented>
	<object>
		<name>google homemini</name>
		<pose>Unspecified</pose>
		<truncated>0</truncated>
		<difficult>0</difficult>
		<bndbox>
			<xmin>272</xmin>
			<ymin>318</ymin>
			<xmax>543</xmax>
			<ymax>459</ymax>
		</bndbox>
	</object>
</annotation>
