<annotation>
	<folder>google homemini</folder>
	<filename>00000070.PNG</filename>
	<path>C:\Users\dell\Pictures\google homemini\00000070.PNG</path>
	<source>
		<database>Unknown</database>
	</source>
	<size>
		<width>714</width>
		<height>494</height>
		<depth>3</depth>
	</size>
	<segmented>0</segmented>
	<object>
		<name>google homemini</name>
		<pose>Unspecified</pose>
		<truncated>0</truncated>
		<difficult>0</difficult>
		<bndbox>
			<xmin>133</xmin>
			<ymin>44</ymin>
			<xmax>695</xmax>
			<ymax>467</ymax>
		</bndbox>
	</object>
</annotation>
