<annotation>
	<folder>google homemini</folder>
	<filename>00000058.PNG</filename>
	<path>C:\Users\dell\Pictures\google homemini\00000058.PNG</path>
	<source>
		<database>Unknown</database>
	</source>
	<size>
		<width>666</width>
		<height>571</height>
		<depth>3</depth>
	</size>
	<segmented>0</segmented>
	<object>
		<name>google homemini</name>
		<pose>Unspecified</pose>
		<truncated>0</truncated>
		<difficult>0</difficult>
		<bndbox>
			<xmin>32</xmin>
			<ymin>104</ymin>
			<xmax>538</xmax>
			<ymax>533</ymax>
		</bndbox>
	</object>
</annotation>
