<annotation>
	<folder>google homemini</folder>
	<filename>00000075.PNG</filename>
	<path>C:\Users\dell\Pictures\google homemini\00000075.PNG</path>
	<source>
		<database>Unknown</database>
	</source>
	<size>
		<width>671</width>
		<height>652</height>
		<depth>3</depth>
	</size>
	<segmented>0</segmented>
	<object>
		<name>google homemini</name>
		<pose>Unspecified</pose>
		<truncated>0</truncated>
		<difficult>0</difficult>
		<bndbox>
			<xmin>139</xmin>
			<ymin>471</ymin>
			<xmax>445</xmax>
			<ymax>649</ymax>
		</bndbox>
	</object>
</annotation>
