<annotation>
	<folder>google homemini</folder>
	<filename>00000059.PNG</filename>
	<path>C:\Users\dell\Pictures\google homemini\00000059.PNG</path>
	<source>
		<database>Unknown</database>
	</source>
	<size>
		<width>730</width>
		<height>438</height>
		<depth>3</depth>
	</size>
	<segmented>0</segmented>
	<object>
		<name>google homemini</name>
		<pose>Unspecified</pose>
		<truncated>1</truncated>
		<difficult>0</difficult>
		<bndbox>
			<xmin>1</xmin>
			<ymin>197</ymin>
			<xmax>413</xmax>
			<ymax>392</ymax>
		</bndbox>
	</object>
	<object>
		<name>google homemini</name>
		<pose>Unspecified</pose>
		<truncated>0</truncated>
		<difficult>0</difficult>
		<bndbox>
			<xmin>396</xmin>
			<ymin>165</ymin>
			<xmax>724</xmax>
			<ymax>340</ymax>
		</bndbox>
	</object>
</annotation>
