<annotation>
	<folder>google homemini</folder>
	<filename>00000038.jpg</filename>
	<path>C:\Users\dell\Pictures\google homemini\00000038.jpg</path>
	<source>
		<database>Unknown</database>
	</source>
	<size>
		<width>209</width>
		<height>157</height>
		<depth>3</depth>
	</size>
	<segmented>0</segmented>
	<object>
		<name>google homemini</name>
		<pose>Unspecified</pose>
		<truncated>0</truncated>
		<difficult>0</difficult>
		<bndbox>
			<xmin>70</xmin>
			<ymin>87</ymin>
			<xmax>136</xmax>
			<ymax>154</ymax>
		</bndbox>
	</object>
</annotation>
