<annotation>
	<folder>google homemini</folder>
	<filename>00000069.PNG</filename>
	<path>C:\Users\dell\Pictures\google homemini\00000069.PNG</path>
	<source>
		<database>Unknown</database>
	</source>
	<size>
		<width>733</width>
		<height>729</height>
		<depth>3</depth>
	</size>
	<segmented>0</segmented>
	<object>
		<name>google homemini</name>
		<pose>Unspecified</pose>
		<truncated>0</truncated>
		<difficult>0</difficult>
		<bndbox>
			<xmin>134</xmin>
			<ymin>104</ymin>
			<xmax>537</xmax>
			<ymax>504</ymax>
		</bndbox>
	</object>
</annotation>
