<annotation>
	<folder>google homemini</folder>
	<filename>00000047.png</filename>
	<path>C:\Users\dell\Pictures\google homemini\00000047.png</path>
	<source>
		<database>Unknown</database>
	</source>
	<size>
		<width>728</width>
		<height>676</height>
		<depth>3</depth>
	</size>
	<segmented>0</segmented>
	<object>
		<name>google homemini</name>
		<pose>Unspecified</pose>
		<truncated>1</truncated>
		<difficult>0</difficult>
		<bndbox>
			<xmin>390</xmin>
			<ymin>403</ymin>
			<xmax>728</xmax>
			<ymax>662</ymax>
		</bndbox>
	</object>
</annotation>
