<annotation>
	<folder>google homemini</folder>
	<filename>00000025.jpg</filename>
	<path>C:\Users\dell\Pictures\google homemini\00000025.jpg</path>
	<source>
		<database>Unknown</database>
	</source>
	<size>
		<width>612</width>
		<height>407</height>
		<depth>3</depth>
	</size>
	<segmented>0</segmented>
	<object>
		<name>google homemini</name>
		<pose>Unspecified</pose>
		<truncated>0</truncated>
		<difficult>0</difficult>
		<bndbox>
			<xmin>162</xmin>
			<ymin>165</ymin>
			<xmax>450</xmax>
			<ymax>338</ymax>
		</bndbox>
	</object>
</annotation>
