<annotation>
	<folder>google homemini</folder>
	<filename>00000055.PNG</filename>
	<path>C:\Users\dell\Pictures\google homemini\00000055.PNG</path>
	<source>
		<database>Unknown</database>
	</source>
	<size>
		<width>635</width>
		<height>359</height>
		<depth>3</depth>
	</size>
	<segmented>0</segmented>
	<object>
		<name>google homemini</name>
		<pose>Unspecified</pose>
		<truncated>0</truncated>
		<difficult>0</difficult>
		<bndbox>
			<xmin>218</xmin>
			<ymin>57</ymin>
			<xmax>422</xmax>
			<ymax>259</ymax>
		</bndbox>
	</object>
</annotation>
