<annotation>
	<folder>google homemini</folder>
	<filename>00000073.PNG</filename>
	<path>C:\Users\dell\Pictures\google homemini\00000073.PNG</path>
	<source>
		<database>Unknown</database>
	</source>
	<size>
		<width>583</width>
		<height>644</height>
		<depth>3</depth>
	</size>
	<segmented>0</segmented>
	<object>
		<name>google homemini</name>
		<pose>Unspecified</pose>
		<truncated>0</truncated>
		<difficult>0</difficult>
		<bndbox>
			<xmin>147</xmin>
			<ymin>362</ymin>
			<xmax>455</xmax>
			<ymax>583</ymax>
		</bndbox>
	</object>
</annotation>
