<annotation>
	<folder>google homemini</folder>
	<filename>00000065.PNG</filename>
	<path>C:\Users\dell\Pictures\google homemini\00000065.PNG</path>
	<source>
		<database>Unknown</database>
	</source>
	<size>
		<width>676</width>
		<height>648</height>
		<depth>3</depth>
	</size>
	<segmented>0</segmented>
	<object>
		<name>google homemini</name>
		<pose>Unspecified</pose>
		<truncated>0</truncated>
		<difficult>0</difficult>
		<bndbox>
			<xmin>38</xmin>
			<ymin>246</ymin>
			<xmax>433</xmax>
			<ymax>578</ymax>
		</bndbox>
	</object>
</annotation>
