<annotation>
	<folder>google homemini</folder>
	<filename>00000040.jpg</filename>
	<path>C:\Users\dell\Pictures\google homemini\00000040.jpg</path>
	<source>
		<database>Unknown</database>
	</source>
	<size>
		<width>287</width>
		<height>162</height>
		<depth>3</depth>
	</size>
	<segmented>0</segmented>
	<object>
		<name>google homemini</name>
		<pose>Unspecified</pose>
		<truncated>1</truncated>
		<difficult>0</difficult>
		<bndbox>
			<xmin>3</xmin>
			<ymin>1</ymin>
			<xmax>287</xmax>
			<ymax>161</ymax>
		</bndbox>
	</object>
</annotation>
