<annotation>
	<folder>google homemini</folder>
	<filename>00000061.PNG</filename>
	<path>C:\Users\dell\Pictures\google homemini\00000061.PNG</path>
	<source>
		<database>Unknown</database>
	</source>
	<size>
		<width>597</width>
		<height>702</height>
		<depth>3</depth>
	</size>
	<segmented>0</segmented>
	<object>
		<name>google homemini</name>
		<pose>Unspecified</pose>
		<truncated>0</truncated>
		<difficult>0</difficult>
		<bndbox>
			<xmin>254</xmin>
			<ymin>393</ymin>
			<xmax>380</xmax>
			<ymax>526</ymax>
		</bndbox>
	</object>
</annotation>
