<annotation>
	<folder>google homemini</folder>
	<filename>00000051.PNG</filename>
	<path>C:\Users\dell\Pictures\google homemini\00000051.PNG</path>
	<source>
		<database>Unknown</database>
	</source>
	<size>
		<width>545</width>
		<height>617</height>
		<depth>3</depth>
	</size>
	<segmented>0</segmented>
	<object>
		<name>google homemini</name>
		<pose>Unspecified</pose>
		<truncated>0</truncated>
		<difficult>0</difficult>
		<bndbox>
			<xmin>225</xmin>
			<ymin>410</ymin>
			<xmax>430</xmax>
			<ymax>546</ymax>
		</bndbox>
	</object>
</annotation>
