<annotation>
	<folder>google homemini</folder>
	<filename>000000108.PNG</filename>
	<path>C:\Users\dell\Pictures\google homemini\000000108.PNG</path>
	<source>
		<database>Unknown</database>
	</source>
	<size>
		<width>716</width>
		<height>486</height>
		<depth>3</depth>
	</size>
	<segmented>0</segmented>
	<object>
		<name>google homemini</name>
		<pose>Unspecified</pose>
		<truncated>0</truncated>
		<difficult>0</difficult>
		<bndbox>
			<xmin>47</xmin>
			<ymin>28</ymin>
			<xmax>627</xmax>
			<ymax>371</ymax>
		</bndbox>
	</object>
</annotation>
