<annotation>
	<folder>google homemini</folder>
	<filename>000000114.PNG</filename>
	<path>C:\Users\dell\Pictures\google homemini\000000114.PNG</path>
	<source>
		<database>Unknown</database>
	</source>
	<size>
		<width>572</width>
		<height>597</height>
		<depth>3</depth>
	</size>
	<segmented>0</segmented>
	<object>
		<name>google homemini</name>
		<pose>Unspecified</pose>
		<truncated>0</truncated>
		<difficult>0</difficult>
		<bndbox>
			<xmin>72</xmin>
			<ymin>312</ymin>
			<xmax>490</xmax>
			<ymax>529</ymax>
		</bndbox>
	</object>
</annotation>
