<annotation>
	<folder>google homemini</folder>
	<filename>000000128.PNG</filename>
	<path>C:\Users\dell\Pictures\google homemini\000000128.PNG</path>
	<source>
		<database>Unknown</database>
	</source>
	<size>
		<width>910</width>
		<height>569</height>
		<depth>3</depth>
	</size>
	<segmented>0</segmented>
	<object>
		<name>google homemini</name>
		<pose>Unspecified</pose>
		<truncated>0</truncated>
		<difficult>0</difficult>
		<bndbox>
			<xmin>415</xmin>
			<ymin>81</ymin>
			<xmax>870</xmax>
			<ymax>527</ymax>
		</bndbox>
	</object>
</annotation>
