<annotation>
	<folder>google homemini</folder>
	<filename>00000077.PNG</filename>
	<path>C:\Users\dell\Pictures\google homemini\00000077.PNG</path>
	<source>
		<database>Unknown</database>
	</source>
	<size>
		<width>370</width>
		<height>698</height>
		<depth>3</depth>
	</size>
	<segmented>0</segmented>
	<object>
		<name>google homemini</name>
		<pose>Unspecified</pose>
		<truncated>0</truncated>
		<difficult>0</difficult>
		<bndbox>
			<xmin>78</xmin>
			<ymin>378</ymin>
			<xmax>341</xmax>
			<ymax>684</ymax>
		</bndbox>
	</object>
</annotation>
