<annotation>
	<folder>google homemini</folder>
	<filename>000000104.PNG</filename>
	<path>C:\Users\dell\Pictures\google homemini\000000104.PNG</path>
	<source>
		<database>Unknown</database>
	</source>
	<size>
		<width>732</width>
		<height>550</height>
		<depth>3</depth>
	</size>
	<segmented>0</segmented>
	<object>
		<name>google homemini</name>
		<pose>Unspecified</pose>
		<truncated>0</truncated>
		<difficult>0</difficult>
		<bndbox>
			<xmin>319</xmin>
			<ymin>387</ymin>
			<xmax>517</xmax>
			<ymax>532</ymax>
		</bndbox>
	</object>
</annotation>
