<annotation>
	<folder>google homemini</folder>
	<filename>000000127.PNG</filename>
	<path>C:\Users\dell\Pictures\google homemini\000000127.PNG</path>
	<source>
		<database>Unknown</database>
	</source>
	<size>
		<width>943</width>
		<height>623</height>
		<depth>3</depth>
	</size>
	<segmented>0</segmented>
	<object>
		<name>google homemini</name>
		<pose>Unspecified</pose>
		<truncated>0</truncated>
		<difficult>0</difficult>
		<bndbox>
			<xmin>163</xmin>
			<ymin>255</ymin>
			<xmax>436</xmax>
			<ymax>435</ymax>
		</bndbox>
	</object>
</annotation>
