<annotation>
	<folder>google homemini</folder>
	<filename>00000085.PNG</filename>
	<path>C:\Users\dell\Pictures\google homemini\00000085.PNG</path>
	<source>
		<database>Unknown</database>
	</source>
	<size>
		<width>510</width>
		<height>694</height>
		<depth>3</depth>
	</size>
	<segmented>0</segmented>
	<object>
		<name>google homemini</name>
		<pose>Unspecified</pose>
		<truncated>0</truncated>
		<difficult>0</difficult>
		<bndbox>
			<xmin>35</xmin>
			<ymin>367</ymin>
			<xmax>346</xmax>
			<ymax>670</ymax>
		</bndbox>
	</object>
</annotation>
