<annotation>
	<folder>google homemini</folder>
	<filename>00000088.PNG</filename>
	<path>C:\Users\dell\Pictures\google homemini\00000088.PNG</path>
	<source>
		<database>Unknown</database>
	</source>
	<size>
		<width>712</width>
		<height>686</height>
		<depth>3</depth>
	</size>
	<segmented>0</segmented>
	<object>
		<name>google homemini</name>
		<pose>Unspecified</pose>
		<truncated>0</truncated>
		<difficult>0</difficult>
		<bndbox>
			<xmin>374</xmin>
			<ymin>413</ymin>
			<xmax>677</xmax>
			<ymax>661</ymax>
		</bndbox>
	</object>
</annotation>
