<annotation>
	<folder>google homemini</folder>
	<filename>000000112.PNG</filename>
	<path>C:\Users\dell\Pictures\google homemini\000000112.PNG</path>
	<source>
		<database>Unknown</database>
	</source>
	<size>
		<width>648</width>
		<height>673</height>
		<depth>3</depth>
	</size>
	<segmented>0</segmented>
	<object>
		<name>google homemini</name>
		<pose>Unspecified</pose>
		<truncated>0</truncated>
		<difficult>0</difficult>
		<bndbox>
			<xmin>93</xmin>
			<ymin>103</ymin>
			<xmax>581</xmax>
			<ymax>558</ymax>
		</bndbox>
	</object>
</annotation>
