<annotation>
	<folder>google homemini</folder>
	<filename>00000078.PNG</filename>
	<path>C:\Users\dell\Pictures\google homemini\00000078.PNG</path>
	<source>
		<database>Unknown</database>
	</source>
	<size>
		<width>585</width>
		<height>637</height>
		<depth>3</depth>
	</size>
	<segmented>0</segmented>
	<object>
		<name>google homemini</name>
		<pose>Unspecified</pose>
		<truncated>1</truncated>
		<difficult>0</difficult>
		<bndbox>
			<xmin>1</xmin>
			<ymin>56</ymin>
			<xmax>357</xmax>
			<ymax>466</ymax>
		</bndbox>
	</object>
</annotation>
