<annotation>
	<folder>google homemini</folder>
	<filename>00000090.PNG</filename>
	<path>C:\Users\dell\Pictures\google homemini\00000090.PNG</path>
	<source>
		<database>Unknown</database>
	</source>
	<size>
		<width>514</width>
		<height>652</height>
		<depth>3</depth>
	</size>
	<segmented>0</segmented>
	<object>
		<name>google homemini</name>
		<pose>Unspecified</pose>
		<truncated>0</truncated>
		<difficult>0</difficult>
		<bndbox>
			<xmin>68</xmin>
			<ymin>291</ymin>
			<xmax>408</xmax>
			<ymax>522</ymax>
		</bndbox>
	</object>
</annotation>
