<annotation>
	<folder>google homemini</folder>
	<filename>00000087.PNG</filename>
	<path>C:\Users\dell\Pictures\google homemini\00000087.PNG</path>
	<source>
		<database>Unknown</database>
	</source>
	<size>
		<width>635</width>
		<height>626</height>
		<depth>3</depth>
	</size>
	<segmented>0</segmented>
	<object>
		<name>google homemini</name>
		<pose>Unspecified</pose>
		<truncated>0</truncated>
		<difficult>0</difficult>
		<bndbox>
			<xmin>164</xmin>
			<ymin>308</ymin>
			<xmax>457</xmax>
			<ymax>556</ymax>
		</bndbox>
	</object>
</annotation>
