<annotation>
	<folder>google homemini</folder>
	<filename>000000116.PNG</filename>
	<path>C:\Users\dell\Pictures\google homemini\000000116.PNG</path>
	<source>
		<database>Unknown</database>
	</source>
	<size>
		<width>654</width>
		<height>574</height>
		<depth>3</depth>
	</size>
	<segmented>0</segmented>
	<object>
		<name>google homemini</name>
		<pose>Unspecified</pose>
		<truncated>0</truncated>
		<difficult>0</difficult>
		<bndbox>
			<xmin>343</xmin>
			<ymin>344</ymin>
			<xmax>510</xmax>
			<ymax>437</ymax>
		</bndbox>
	</object>
</annotation>
