<annotation>
	<folder>google homemini</folder>
	<filename>000000110.PNG</filename>
	<path>C:\Users\dell\Pictures\google homemini\000000110.PNG</path>
	<source>
		<database>Unknown</database>
	</source>
	<size>
		<width>735</width>
		<height>468</height>
		<depth>3</depth>
	</size>
	<segmented>0</segmented>
	<object>
		<name>google homemini</name>
		<pose>Unspecified</pose>
		<truncated>0</truncated>
		<difficult>0</difficult>
		<bndbox>
			<xmin>251</xmin>
			<ymin>52</ymin>
			<xmax>540</xmax>
			<ymax>242</ymax>
		</bndbox>
	</object>
</annotation>
