<annotation>
	<folder>google homemini</folder>
	<filename>00000081.PNG</filename>
	<path>C:\Users\dell\Pictures\google homemini\00000081.PNG</path>
	<source>
		<database>Unknown</database>
	</source>
	<size>
		<width>752</width>
		<height>445</height>
		<depth>3</depth>
	</size>
	<segmented>0</segmented>
	<object>
		<name>google homemini</name>
		<pose>Unspecified</pose>
		<truncated>0</truncated>
		<difficult>0</difficult>
		<bndbox>
			<xmin>288</xmin>
			<ymin>187</ymin>
			<xmax>410</xmax>
			<ymax>304</ymax>
		</bndbox>
	</object>
</annotation>
