<annotation>
	<folder>google homemini</folder>
	<filename>000000130.PNG</filename>
	<path>C:\Users\dell\Pictures\google homemini\000000130.PNG</path>
	<source>
		<database>Unknown</database>
	</source>
	<size>
		<width>931</width>
		<height>617</height>
		<depth>3</depth>
	</size>
	<segmented>0</segmented>
	<object>
		<name>google homemini</name>
		<pose>Unspecified</pose>
		<truncated>0</truncated>
		<difficult>0</difficult>
		<bndbox>
			<xmin>37</xmin>
			<ymin>167</ymin>
			<xmax>583</xmax>
			<ymax>461</ymax>
		</bndbox>
	</object>
</annotation>
