<annotation>
	<folder>google homemini</folder>
	<filename>000000109.PNG</filename>
	<path>C:\Users\dell\Pictures\google homemini\000000109.PNG</path>
	<source>
		<database>Unknown</database>
	</source>
	<size>
		<width>701</width>
		<height>344</height>
		<depth>3</depth>
	</size>
	<segmented>0</segmented>
	<object>
		<name>google homemini</name>
		<pose>Unspecified</pose>
		<truncated>0</truncated>
		<difficult>0</difficult>
		<bndbox>
			<xmin>457</xmin>
			<ymin>98</ymin>
			<xmax>637</xmax>
			<ymax>279</ymax>
		</bndbox>
	</object>
</annotation>
