<annotation>
	<folder>google homemini</folder>
	<filename>000000117.PNG</filename>
	<path>C:\Users\dell\Pictures\google homemini\000000117.PNG</path>
	<source>
		<database>Unknown</database>
	</source>
	<size>
		<width>731</width>
		<height>682</height>
		<depth>3</depth>
	</size>
	<segmented>0</segmented>
	<object>
		<name>google homemini</name>
		<pose>Unspecified</pose>
		<truncated>0</truncated>
		<difficult>0</difficult>
		<bndbox>
			<xmin>131</xmin>
			<ymin>222</ymin>
			<xmax>616</xmax>
			<ymax>596</ymax>
		</bndbox>
	</object>
</annotation>
