<annotation>
	<folder>google homemini</folder>
	<filename>00000083.PNG</filename>
	<path>C:\Users\dell\Pictures\google homemini\00000083.PNG</path>
	<source>
		<database>Unknown</database>
	</source>
	<size>
		<width>723</width>
		<height>342</height>
		<depth>3</depth>
	</size>
	<segmented>0</segmented>
	<object>
		<name>google homemini</name>
		<pose>Unspecified</pose>
		<truncated>0</truncated>
		<difficult>0</difficult>
		<bndbox>
			<xmin>274</xmin>
			<ymin>32</ymin>
			<xmax>708</xmax>
			<ymax>293</ymax>
		</bndbox>
	</object>
</annotation>
