<annotation>
	<folder>google homemini</folder>
	<filename>000000107.PNG</filename>
	<path>C:\Users\dell\Pictures\google homemini\000000107.PNG</path>
	<source>
		<database>Unknown</database>
	</source>
	<size>
		<width>718</width>
		<height>680</height>
		<depth>3</depth>
	</size>
	<segmented>0</segmented>
	<object>
		<name>google homemini</name>
		<pose>Unspecified</pose>
		<truncated>0</truncated>
		<difficult>0</difficult>
		<bndbox>
			<xmin>71</xmin>
			<ymin>213</ymin>
			<xmax>697</xmax>
			<ymax>626</ymax>
		</bndbox>
	</object>
</annotation>
