<annotation>
	<folder>google homemini</folder>
	<filename>000000129.PNG</filename>
	<path>C:\Users\dell\Pictures\google homemini\000000129.PNG</path>
	<source>
		<database>Unknown</database>
	</source>
	<size>
		<width>1098</width>
		<height>614</height>
		<depth>3</depth>
	</size>
	<segmented>0</segmented>
	<object>
		<name>google homemini</name>
		<pose>Unspecified</pose>
		<truncated>0</truncated>
		<difficult>0</difficult>
		<bndbox>
			<xmin>319</xmin>
			<ymin>105</ymin>
			<xmax>774</xmax>
			<ymax>549</ymax>
		</bndbox>
	</object>
</annotation>
