<annotation>
	<folder>google homemini</folder>
	<filename>000000103.PNG</filename>
	<path>C:\Users\dell\Pictures\google homemini\000000103.PNG</path>
	<source>
		<database>Unknown</database>
	</source>
	<size>
		<width>676</width>
		<height>631</height>
		<depth>3</depth>
	</size>
	<segmented>0</segmented>
	<object>
		<name>google homemini</name>
		<pose>Unspecified</pose>
		<truncated>0</truncated>
		<difficult>0</difficult>
		<bndbox>
			<xmin>264</xmin>
			<ymin>309</ymin>
			<xmax>599</xmax>
			<ymax>556</ymax>
		</bndbox>
	</object>
</annotation>
