<annotation>
	<folder>google homemini</folder>
	<filename>000000119.PNG</filename>
	<path>C:\Users\dell\Pictures\google homemini\000000119.PNG</path>
	<source>
		<database>Unknown</database>
	</source>
	<size>
		<width>875</width>
		<height>408</height>
		<depth>3</depth>
	</size>
	<segmented>0</segmented>
	<object>
		<name>google homemini</name>
		<pose>Unspecified</pose>
		<truncated>0</truncated>
		<difficult>0</difficult>
		<bndbox>
			<xmin>302</xmin>
			<ymin>69</ymin>
			<xmax>604</xmax>
			<ymax>277</ymax>
		</bndbox>
	</object>
	<object>
		<name>google homemini</name>
		<pose>Unspecified</pose>
		<truncated>0</truncated>
		<difficult>0</difficult>
		<bndbox>
			<xmin>39</xmin>
			<ymin>123</ymin>
			<xmax>243</xmax>
			<ymax>265</ymax>
		</bndbox>
	</object>
	<object>
		<name>google homemini</name>
		<pose>Unspecified</pose>
		<truncated>0</truncated>
		<difficult>0</difficult>
		<bndbox>
			<xmin>653</xmin>
			<ymin>123</ymin>
			<xmax>852</xmax>
			<ymax>265</ymax>
		</bndbox>
	</object>
</annotation>
