<annotation>
	<folder>google homemini</folder>
	<filename>000000111.PNG</filename>
	<path>C:\Users\dell\Pictures\google homemini\000000111.PNG</path>
	<source>
		<database>Unknown</database>
	</source>
	<size>
		<width>689</width>
		<height>416</height>
		<depth>3</depth>
	</size>
	<segmented>0</segmented>
	<object>
		<name>google homemini</name>
		<pose>Unspecified</pose>
		<truncated>1</truncated>
		<difficult>0</difficult>
		<bndbox>
			<xmin>78</xmin>
			<ymin>26</ymin>
			<xmax>689</xmax>
			<ymax>395</ymax>
		</bndbox>
	</object>
</annotation>
