<annotation>
	<folder>google homemini</folder>
	<filename>000000120.PNG</filename>
	<path>C:\Users\dell\Pictures\google homemini\000000120.PNG</path>
	<source>
		<database>Unknown</database>
	</source>
	<size>
		<width>839</width>
		<height>441</height>
		<depth>3</depth>
	</size>
	<segmented>0</segmented>
	<object>
		<name>google homemini</name>
		<pose>Unspecified</pose>
		<truncated>0</truncated>
		<difficult>0</difficult>
		<bndbox>
			<xmin>181</xmin>
			<ymin>36</ymin>
			<xmax>586</xmax>
			<ymax>429</ymax>
		</bndbox>
	</object>
</annotation>
