<annotation>
	<folder>google homemini</folder>
	<filename>000000106.PNG</filename>
	<path>C:\Users\dell\Pictures\google homemini\000000106.PNG</path>
	<source>
		<database>Unknown</database>
	</source>
	<size>
		<width>740</width>
		<height>736</height>
		<depth>3</depth>
	</size>
	<segmented>0</segmented>
	<object>
		<name>google homemini</name>
		<pose>Unspecified</pose>
		<truncated>0</truncated>
		<difficult>0</difficult>
		<bndbox>
			<xmin>69</xmin>
			<ymin>329</ymin>
			<xmax>468</xmax>
			<ymax>654</ymax>
		</bndbox>
	</object>
</annotation>
