<annotation>
	<folder>google homemini</folder>
	<filename>00000089.PNG</filename>
	<path>C:\Users\dell\Pictures\google homemini\00000089.PNG</path>
	<source>
		<database>Unknown</database>
	</source>
	<size>
		<width>724</width>
		<height>638</height>
		<depth>3</depth>
	</size>
	<segmented>0</segmented>
	<object>
		<name>google homemini</name>
		<pose>Unspecified</pose>
		<truncated>0</truncated>
		<difficult>0</difficult>
		<bndbox>
			<xmin>11</xmin>
			<ymin>355</ymin>
			<xmax>297</xmax>
			<ymax>635</ymax>
		</bndbox>
	</object>
</annotation>
